{
	"info": {
		"_postman_id": "289fba7f-dd3c-4fa0-be67-b5b2bab14849",
		"name": "New Collection",
		"schema": "https://schema.getpostman.com/json/collection/v2.1.0/collection.json"
	},
	"item": [
		{
			"name": "http://127.0.0.1: 8001/api/auth/login",
			"request": {
				"method": "POST",
				"header": [],
				"body": {
					"mode": "formdata",
					"formdata": [
						{
							"key": "email",
							"value": "andii@gmail.com",
							"description": "email",
							"type": "default"
						},
						{
							"key": "password",
							"value": "alfiandi",
							"type": "default"
						}
					]
				},
				"url": {
					"raw": "http://127.0.0.1: 8001/api/auth/login",
					"protocol": "http",
					"host": [
						"127",
						"0",
						"0",
						"1"
					],
					"port": " 8001",
					"path": [
						"api",
						"auth",
						"login"
					]
				}
			},
			"response": []
		}
	]
}